<application>
  <component name="libraryTable">
    <library name="bootstrap" type="javaScript">
      <properties>
        <sourceFilesUrls>
          <item url="file://$APPLICATION_CONFIG_DIR$/javascript/extLibs/__maxcdn.bootstrapcdn.com_bootstrap_3.3.5_js_bootstrap.js" />
          <item url="file://$APPLICATION_CONFIG_DIR$/javascript/extLibs/http_netdna.bootstrapcdn.com_bootstrap_2.3.2_css_bootstrap.css" />
        </sourceFilesUrls>
      </properties>
      <CLASSES>
        <root url="file://$APPLICATION_CONFIG_DIR$/javascript/extLibs/__maxcdn.bootstrapcdn.com_bootstrap_3.3.5_js_bootstrap.js" />
        <root url="file://$APPLICATION_CONFIG_DIR$/javascript/extLibs/http_netdna.bootstrapcdn.com_bootstrap_2.3.2_css_bootstrap.css" />
      </CLASSES>
      <SOURCES />
    </library>
    <library name="bootstrap-datepicker" type="javaScript">
      <properties>
        <sourceFilesUrls>
          <item url="file://$APPLICATION_CONFIG_DIR$/javascript/extLibs/http_cdnjs.cloudflare.com_ajax_libs_bootstrap-datepicker_1.2.0_css_datepicker.css" />
          <item url="file://$APPLICATION_CONFIG_DIR$/javascript/extLibs/http_cdnjs.cloudflare.com_ajax_libs_bootstrap-datepicker_1.2.0_js_bootstrap-datepicker.js" />
        </sourceFilesUrls>
      </properties>
      <CLASSES>
        <root url="file://$APPLICATION_CONFIG_DIR$/javascript/extLibs/http_cdnjs.cloudflare.com_ajax_libs_bootstrap-datepicker_1.2.0_css_datepicker.css" />
        <root url="file://$APPLICATION_CONFIG_DIR$/javascript/extLibs/http_cdnjs.cloudflare.com_ajax_libs_bootstrap-datepicker_1.2.0_js_bootstrap-datepicker.js" />
      </CLASSES>
      <SOURCES />
    </library>
    <library name="bootstrap-glyphicons" type="javaScript">
      <properties>
        <sourceFilesUrls>
          <item url="file://$APPLICATION_CONFIG_DIR$/javascript/extLibs/__netdna.bootstrapcdn.com_bootstrap_3.0.0_css_bootstrap-glyphicons.css" />
        </sourceFilesUrls>
      </properties>
      <CLASSES>
        <root url="file://$APPLICATION_CONFIG_DIR$/javascript/extLibs/__netdna.bootstrapcdn.com_bootstrap_3.0.0_css_bootstrap-glyphicons.css" />
      </CLASSES>
      <SOURCES />
    </library>
    <library name="daterangepicker" type="javaScript">
      <properties>
        <sourceFilesUrls>
          <item url="file://$APPLICATION_CONFIG_DIR$/javascript/extLibs/http_cdn.jsdelivr.net_npm_daterangepicker_daterangepicker.css" />
          <item url="file://$APPLICATION_CONFIG_DIR$/javascript/extLibs/http_cdn.jsdelivr.net_npm_daterangepicker_daterangepicker.js" />
        </sourceFilesUrls>
      </properties>
      <CLASSES>
        <root url="file://$APPLICATION_CONFIG_DIR$/javascript/extLibs/http_cdn.jsdelivr.net_npm_daterangepicker_daterangepicker.css" />
        <root url="file://$APPLICATION_CONFIG_DIR$/javascript/extLibs/http_cdn.jsdelivr.net_npm_daterangepicker_daterangepicker.js" />
      </CLASSES>
      <SOURCES />
    </library>
    <library name="jquery-1.10.2" type="javaScript">
      <properties>
        <option name="frameworkName" value="jQuery" />
        <sourceFilesUrls>
          <item url="file://$APPLICATION_CONFIG_DIR$/javascript/extLibs/__code.jquery.com_jquery-1.10.2.js" />
        </sourceFilesUrls>
      </properties>
      <CLASSES>
        <root url="file://$APPLICATION_CONFIG_DIR$/javascript/extLibs/__code.jquery.com_jquery-1.10.2.js" />
      </CLASSES>
      <DOCUMENTATION>
        <root url="http://api.jquery.com" />
      </DOCUMENTATION>
      <SOURCES />
    </library>
    <library name="jquery-ui" type="javaScript">
      <properties>
        <option name="frameworkName" value="jQuery" />
        <sourceFilesUrls>
          <item url="file://$APPLICATION_CONFIG_DIR$/javascript/extLibs/__code.jquery.com_ui_1.11.4_jquery-ui.js" />
          <item url="file://$APPLICATION_CONFIG_DIR$/javascript/extLibs/__code.jquery.com_ui_1.11.4_themes_smoothness_jquery-ui.css" />
        </sourceFilesUrls>
      </properties>
      <CLASSES>
        <root url="file://$APPLICATION_CONFIG_DIR$/javascript/extLibs/__code.jquery.com_ui_1.11.4_jquery-ui.js" />
        <root url="file://$APPLICATION_CONFIG_DIR$/javascript/extLibs/__code.jquery.com_ui_1.11.4_themes_smoothness_jquery-ui.css" />
      </CLASSES>
      <DOCUMENTATION>
        <root url="http://api.jquery.com" />
      </DOCUMENTATION>
      <SOURCES />
    </library>
  </component>
</application>